{
  "ProjectPath": "D:\\MyCompany\\8.SourceCode\\3.Projects\\20240924_CtySunAutomation_Scada\\EasyDriverTag.json",
  "Username": null,
  "Password": null,
  "ParameterContainer": null,
  "Childs": [
    {
  "Name": "Local Station",
  "Description": null,
  "ItemType": "LocalStation",
  "IsReadOnly": true,
  "Enabled": true,
  "CreatedDate": "2024-10-01T20:12:43.2651075+07:00",
  "ModifiedDate": "2024-10-19T07:28:42.8264048+07:00",
  "ParameterContainer": {
  "DisplayName": null,
  "DisplayParameters": null,
  "Parameters": {}
},
  "CommunicationMode": "ReceiveFromServer",
  "StationType": "Local",
  "RemoteAddress": null,
  "Port": 0,
  "ConnectionString": null,
  "RefreshRate": 0,
  "Childs": [
    {
  "Name": "Channel1",
  "Description": null,
  "ItemType": "Channel",
  "IsReadOnly": false,
  "Enabled": true,
  "CreatedDate": "2024-10-01T20:18:46.6046585+07:00",
  "ModifiedDate": "2024-10-19T07:28:42.8264048+07:00",
  "ParameterContainer": {
  "DisplayName": null,
  "DisplayParameters": null,
  "Parameters": {
    "IpAddress": "192.168.1.100",
    "Port": "502",
    "DelayBetweenPool": "5",
    "ScanRate": "1000"
  }
},
  "DriverPath": "ModbusTCP",
  "Childs": [
    {
  "Name": "Device1",
  "Description": null,
  "ItemType": "Device",
  "IsReadOnly": false,
  "Enabled": true,
  "CreatedDate": "2024-10-01T20:18:55.2835389+07:00",
  "ModifiedDate": "2024-10-19T09:57:56.6531758+07:00",
  "ParameterContainer": {
  "DisplayName": null,
  "DisplayParameters": null,
  "Parameters": {
    "UnitId": "1",
    "Timeout": "1000",
    "TryReadWriteTimes": "3",
    "ReadMode": "Block",
    "InputContactReadBlockSettings": "[]",
    "OutputCoilsReadBlockSettings": "[]",
    "InputRegisterReadBlockSettings": "[]",
    "HoldingRegisterReadBlockSettings": "[\r\n  {\r\n    \"AddressType\": 4,\r\n    \"Enabled\": true,\r\n    \"StartAddress\": \"403000\",\r\n    \"EndAddress\": \"403077\"\r\n  }\r\n]",
    "MaxWritesCount": "10"
  }
},
  "ByteOrder": "ABCD",
  "Childs": [],
  "HaveTags": true,
  "Tags": [
    {
  "Name": "N1",
  "Description": "Motor speed. Unit: rpm. 0~999999",
  "ItemType": "Tag",
  "IsReadOnly": false,
  "Enabled": true,
  "CreatedDate": "2024-10-01T20:20:01.786027+07:00",
  "ModifiedDate": "2024-10-01T20:20:01.786027+07:00",
  "ParameterContainer": {
  "DisplayName": null,
  "DisplayParameters": null,
  "Parameters": {
    "DataType": "DWord",
    "Address": "403000"
  }
},
  "Address": "403000",
  "DataTypeName": "DWord",
  "RefreshRate": 100,
  "ByteOrder": 0,
  "AccessPermission": "ReadAndWrite",
  "Offset": 0.0,
  "Gain": 1.0,
  "IsInternalTag": false,
  "GUID": null,
  "Retain": false,
  "Childs": [],
  "HaveTags": true,
  "Tags": []
},
    {
  "Name": "Wm",
  "Description": "Motor input power. Unit kW. 0~9999.9",
  "ItemType": "Tag",
  "IsReadOnly": false,
  "Enabled": true,
  "CreatedDate": "2024-10-01T20:20:01.7870233+07:00",
  "ModifiedDate": "2024-10-01T20:20:01.7870233+07:00",
  "ParameterContainer": {
  "DisplayName": null,
  "DisplayParameters": null,
  "Parameters": {
    "DataType": "DWord",
    "Address": "403002"
  }
},
  "Address": "403002",
  "DataTypeName": "DWord",
  "RefreshRate": 100,
  "ByteOrder": 0,
  "AccessPermission": "ReadAndWrite",
  "Offset": 0.0,
  "Gain": 0.1,
  "IsInternalTag": false,
  "GUID": null,
  "Retain": false,
  "Childs": [],
  "HaveTags": true,
  "Tags": []
},
    {
  "Name": "Pd",
  "Description": "Discharge pressure.  Unit : kgf/㎠ / kPa / PSI. 0~9999.99",
  "ItemType": "Tag",
  "IsReadOnly": false,
  "Enabled": true,
  "CreatedDate": "2024-10-01T20:20:01.7870233+07:00",
  "ModifiedDate": "2024-10-01T20:20:01.7870233+07:00",
  "ParameterContainer": {
  "DisplayName": null,
  "DisplayParameters": null,
  "Parameters": {
    "DataType": "DWord",
    "Address": "403004"
  }
},
  "Address": "403004",
  "DataTypeName": "DWord",
  "RefreshRate": 100,
  "ByteOrder": 0,
  "AccessPermission": "ReadAndWrite",
  "Offset": 0.0,
  "Gain": 1.0,
  "IsInternalTag": false,
  "GUID": null,
  "Retain": false,
  "Childs": [],
  "HaveTags": true,
  "Tags": []
},
    {
  "Name": "dPi",
  "Description": "Inlet filter DP.  Unit : kgf/㎠ / kPa / PSI. 0~99.9999",
  "ItemType": "Tag",
  "IsReadOnly": false,
  "Enabled": true,
  "CreatedDate": "2024-10-01T20:20:01.7870233+07:00",
  "ModifiedDate": "2024-10-01T20:20:01.7870233+07:00",
  "ParameterContainer": {
  "DisplayName": null,
  "DisplayParameters": null,
  "Parameters": {
    "DataType": "DWord",
    "Address": "403006"
  }
},
  "Address": "403006",
  "DataTypeName": "DWord",
  "RefreshRate": 100,
  "ByteOrder": 0,
  "AccessPermission": "ReadAndWrite",
  "Offset": 0.0,
  "Gain": 0.0001,
  "IsInternalTag": false,
  "GUID": null,
  "Retain": false,
  "Childs": [],
  "HaveTags": true,
  "Tags": []
},
    {
  "Name": "Ts",
  "Description": "Suction temperature. Unit : ℃ / ℉. 0~9999.99",
  "ItemType": "Tag",
  "IsReadOnly": false,
  "Enabled": true,
  "CreatedDate": "2024-10-01T20:20:01.7870233+07:00",
  "ModifiedDate": "2024-10-01T20:20:01.7870233+07:00",
  "ParameterContainer": {
  "DisplayName": null,
  "DisplayParameters": null,
  "Parameters": {
    "DataType": "DWord",
    "Address": "403008"
  }
},
  "Address": "403008",
  "DataTypeName": "DWord",
  "RefreshRate": 100,
  "ByteOrder": 0,
  "AccessPermission": "ReadAndWrite",
  "Offset": 0.0,
  "Gain": 0.01,
  "IsInternalTag": false,
  "GUID": null,
  "Retain": false,
  "Childs": [],
  "HaveTags": true,
  "Tags": []
},
    {
  "Name": "Td",
  "Description": "Discharge temperature.Unit : ℃ / ℉. 0~9999.99",
  "ItemType": "Tag",
  "IsReadOnly": false,
  "Enabled": true,
  "CreatedDate": "2024-10-01T20:20:01.7870233+07:00",
  "ModifiedDate": "2024-10-01T20:20:01.7870233+07:00",
  "ParameterContainer": {
  "DisplayName": null,
  "DisplayParameters": null,
  "Parameters": {
    "DataType": "DWord",
    "Address": "403010"
  }
},
  "Address": "403010",
  "DataTypeName": "DWord",
  "RefreshRate": 100,
  "ByteOrder": 0,
  "AccessPermission": "ReadAndWrite",
  "Offset": 0.0,
  "Gain": 0.01,
  "IsInternalTag": false,
  "GUID": null,
  "Retain": false,
  "Childs": [],
  "HaveTags": true,
  "Tags": []
},
    {
  "Name": "Tm",
  "Description": "Motor temperature. Unit : ℃ / ℉. 0~9999.99",
  "ItemType": "Tag",
  "IsReadOnly": false,
  "Enabled": true,
  "CreatedDate": "2024-10-01T20:20:01.7870233+07:00",
  "ModifiedDate": "2024-10-01T20:20:01.7870233+07:00",
  "ParameterContainer": {
  "DisplayName": null,
  "DisplayParameters": null,
  "Parameters": {
    "DataType": "DWord",
    "Address": "403012"
  }
},
  "Address": "403012",
  "DataTypeName": "DWord",
  "RefreshRate": 100,
  "ByteOrder": 0,
  "AccessPermission": "ReadAndWrite",
  "Offset": 0.0,
  "Gain": 0.01,
  "IsInternalTag": false,
  "GUID": null,
  "Retain": false,
  "Childs": [],
  "HaveTags": true,
  "Tags": []
},
    {
  "Name": "Tb",
  "Description": "Bearing temperature. Unit : ℃ / ℉. 0~9999.99",
  "ItemType": "Tag",
  "IsReadOnly": false,
  "Enabled": true,
  "CreatedDate": "2024-10-01T20:20:01.7870233+07:00",
  "ModifiedDate": "2024-10-01T20:20:01.7870233+07:00",
  "ParameterContainer": {
  "DisplayName": null,
  "DisplayParameters": null,
  "Parameters": {
    "DataType": "DWord",
    "Address": "403014"
  }
},
  "Address": "403014",
  "DataTypeName": "DWord",
  "RefreshRate": 100,
  "ByteOrder": 0,
  "AccessPermission": "ReadAndWrite",
  "Offset": 0.0,
  "Gain": 0.01,
  "IsInternalTag": false,
  "GUID": null,
  "Retain": false,
  "Childs": [],
  "HaveTags": true,
  "Tags": []
},
    {
  "Name": "Xm",
  "Description": "Motor vibration. Unit : ㎛ / mil. 0~999.99",
  "ItemType": "Tag",
  "IsReadOnly": false,
  "Enabled": true,
  "CreatedDate": "2024-10-01T20:20:01.7870233+07:00",
  "ModifiedDate": "2024-10-01T20:20:01.7870233+07:00",
  "ParameterContainer": {
  "DisplayName": null,
  "DisplayParameters": null,
  "Parameters": {
    "DataType": "DWord",
    "Address": "403016"
  }
},
  "Address": "403016",
  "DataTypeName": "DWord",
  "RefreshRate": 100,
  "ByteOrder": 0,
  "AccessPermission": "ReadAndWrite",
  "Offset": 0.0,
  "Gain": 0.01,
  "IsInternalTag": false,
  "GUID": null,
  "Retain": false,
  "Childs": [],
  "HaveTags": true,
  "Tags": []
},
    {
  "Name": "Q",
  "Description": "Suction air flow. Unit : ㎥/min / Ｎ㎥/min / Ｎ㎥/min(*) / CFM / SCFM. 0~99999.9",
  "ItemType": "Tag",
  "IsReadOnly": false,
  "Enabled": true,
  "CreatedDate": "2024-10-01T20:20:01.7870233+07:00",
  "ModifiedDate": "2024-10-01T20:20:01.7870233+07:00",
  "ParameterContainer": {
  "DisplayName": null,
  "DisplayParameters": null,
  "Parameters": {
    "DataType": "DWord",
    "Address": "403018"
  }
},
  "Address": "403018",
  "DataTypeName": "DWord",
  "RefreshRate": 100,
  "ByteOrder": 0,
  "AccessPermission": "ReadAndWrite",
  "Offset": 0.0,
  "Gain": 0.1,
  "IsInternalTag": false,
  "GUID": null,
  "Retain": false,
  "Childs": [],
  "HaveTags": true,
  "Tags": []
},
    {
  "Name": "Nc_max",
  "Description": "Max speed based on Suction temperature. Unit : rpm / mg/. 0~999999",
  "ItemType": "Tag",
  "IsReadOnly": false,
  "Enabled": true,
  "CreatedDate": "2024-10-01T20:20:01.7870233+07:00",
  "ModifiedDate": "2024-10-01T20:20:01.7870233+07:00",
  "ParameterContainer": {
  "DisplayName": null,
  "DisplayParameters": null,
  "Parameters": {
    "DataType": "DWord",
    "Address": "403020"
  }
},
  "Address": "403020",
  "DataTypeName": "DWord",
  "RefreshRate": 100,
  "ByteOrder": 0,
  "AccessPermission": "ReadAndWrite",
  "Offset": 0.0,
  "Gain": 1.0,
  "IsInternalTag": false,
  "GUID": null,
  "Retain": false,
  "Childs": [],
  "HaveTags": true,
  "Tags": []
},
    {
  "Name": "B_status",
  "Description": "Blower status. refer to page ‘C-12. 0~1000000",
  "ItemType": "Tag",
  "IsReadOnly": false,
  "Enabled": true,
  "CreatedDate": "2024-10-01T20:20:01.7870233+07:00",
  "ModifiedDate": "2024-10-01T20:20:01.7870233+07:00",
  "ParameterContainer": {
  "DisplayName": null,
  "DisplayParameters": null,
  "Parameters": {
    "DataType": "Word",
    "Address": "403022"
  }
},
  "Address": "403022",
  "DataTypeName": "Word",
  "RefreshRate": 100,
  "ByteOrder": 0,
  "AccessPermission": "ReadAndWrite",
  "Offset": 0.0,
  "Gain": 1.0,
  "IsInternalTag": false,
  "GUID": null,
  "Retain": false,
  "Childs": [],
  "HaveTags": true,
  "Tags": []
},
    {
  "Name": "Nscm",
  "Description": "Max speed limit condition. refer to page ‘C-16’. 0~100",
  "ItemType": "Tag",
  "IsReadOnly": false,
  "Enabled": true,
  "CreatedDate": "2024-10-01T20:20:01.7870233+07:00",
  "ModifiedDate": "2024-10-01T20:20:01.7870233+07:00",
  "ParameterContainer": {
  "DisplayName": null,
  "DisplayParameters": null,
  "Parameters": {
    "DataType": "Word",
    "Address": "403023"
  }
},
  "Address": "403023",
  "DataTypeName": "Word",
  "RefreshRate": 100,
  "ByteOrder": 0,
  "AccessPermission": "ReadAndWrite",
  "Offset": 0.0,
  "Gain": 1.0,
  "IsInternalTag": false,
  "GUID": null,
  "Retain": false,
  "Childs": [],
  "HaveTags": true,
  "Tags": []
},
    {
  "Name": "Ctrl_mode",
  "Description": "Control mode status. refer to page ‘C-13. 0~1000",
  "ItemType": "Tag",
  "IsReadOnly": false,
  "Enabled": true,
  "CreatedDate": "2024-10-01T20:20:01.7870233+07:00",
  "ModifiedDate": "2024-10-01T20:20:01.7870233+07:00",
  "ParameterContainer": {
  "DisplayName": null,
  "DisplayParameters": null,
  "Parameters": {
    "DataType": "Word",
    "Address": "403024"
  }
},
  "Address": "403024",
  "DataTypeName": "Word",
  "RefreshRate": 100,
  "ByteOrder": 0,
  "AccessPermission": "ReadAndWrite",
  "Offset": 0.0,
  "Gain": 1.0,
  "IsInternalTag": false,
  "GUID": null,
  "Retain": false,
  "Childs": [],
  "HaveTags": true,
  "Tags": []
},
    {
  "Name": "Site_mode",
  "Description": "Remote mode status. refer to page ‘C-14’. 0~1000",
  "ItemType": "Tag",
  "IsReadOnly": false,
  "Enabled": true,
  "CreatedDate": "2024-10-01T20:20:01.7870233+07:00",
  "ModifiedDate": "2024-10-01T20:20:01.7870233+07:00",
  "ParameterContainer": {
  "DisplayName": null,
  "DisplayParameters": null,
  "Parameters": {
    "DataType": "Word",
    "Address": "403025"
  }
},
  "Address": "403025",
  "DataTypeName": "Word",
  "RefreshRate": 100,
  "ByteOrder": 0,
  "AccessPermission": "ReadAndWrite",
  "Offset": 0.0,
  "Gain": 1.0,
  "IsInternalTag": false,
  "GUID": null,
  "Retain": false,
  "Childs": [],
  "HaveTags": true,
  "Tags": []
},
    {
  "Name": "Surge_mode",
  "Description": "Protection mode status. refer to page ‘C-15’. 0~1000",
  "ItemType": "Tag",
  "IsReadOnly": false,
  "Enabled": true,
  "CreatedDate": "2024-10-01T20:20:01.7870233+07:00",
  "ModifiedDate": "2024-10-01T20:20:01.7870233+07:00",
  "ParameterContainer": {
  "DisplayName": null,
  "DisplayParameters": null,
  "Parameters": {
    "DataType": "Word",
    "Address": "403026"
  }
},
  "Address": "403026",
  "DataTypeName": "Word",
  "RefreshRate": 100,
  "ByteOrder": 0,
  "AccessPermission": "ReadAndWrite",
  "Offset": 0.0,
  "Gain": 1.0,
  "IsInternalTag": false,
  "GUID": null,
  "Retain": false,
  "Childs": [],
  "HaveTags": true,
  "Tags": []
},
    {
  "Name": "T_run_min",
  "Description": "Total running time. Unit : Minute. 0~60",
  "ItemType": "Tag",
  "IsReadOnly": false,
  "Enabled": true,
  "CreatedDate": "2024-10-01T20:20:01.7870233+07:00",
  "ModifiedDate": "2024-10-01T20:20:01.7870233+07:00",
  "ParameterContainer": {
  "DisplayName": null,
  "DisplayParameters": null,
  "Parameters": {
    "DataType": "Word",
    "Address": "403027"
  }
},
  "Address": "403027",
  "DataTypeName": "Word",
  "RefreshRate": 100,
  "ByteOrder": 0,
  "AccessPermission": "ReadAndWrite",
  "Offset": 0.0,
  "Gain": 1.0,
  "IsInternalTag": false,
  "GUID": null,
  "Retain": false,
  "Childs": [],
  "HaveTags": true,
  "Tags": []
},
    {
  "Name": "T_run_hour",
  "Description": "Total running time. Unit : Hour. 0~4294967295",
  "ItemType": "Tag",
  "IsReadOnly": false,
  "Enabled": true,
  "CreatedDate": "2024-10-01T20:20:01.7870233+07:00",
  "ModifiedDate": "2024-10-01T20:20:01.7870233+07:00",
  "ParameterContainer": {
  "DisplayName": null,
  "DisplayParameters": null,
  "Parameters": {
    "DataType": "DWord",
    "Address": "403028"
  }
},
  "Address": "403028",
  "DataTypeName": "DWord",
  "RefreshRate": 100,
  "ByteOrder": 0,
  "AccessPermission": "ReadAndWrite",
  "Offset": 0.0,
  "Gain": 1.0,
  "IsInternalTag": false,
  "GUID": null,
  "Retain": false,
  "Childs": [],
  "HaveTags": true,
  "Tags": []
},
    {
  "Name": "C_run_hour",
  "Description": "Current running time. Unit : Hour. 0~4294967295",
  "ItemType": "Tag",
  "IsReadOnly": false,
  "Enabled": true,
  "CreatedDate": "2024-10-01T20:20:01.7870233+07:00",
  "ModifiedDate": "2024-10-01T20:20:01.7870233+07:00",
  "ParameterContainer": {
  "DisplayName": null,
  "DisplayParameters": null,
  "Parameters": {
    "DataType": "DWord",
    "Address": "403030"
  }
},
  "Address": "403030",
  "DataTypeName": "DWord",
  "RefreshRate": 100,
  "ByteOrder": 0,
  "AccessPermission": "ReadAndWrite",
  "Offset": 0.0,
  "Gain": 1.0,
  "IsInternalTag": false,
  "GUID": null,
  "Retain": false,
  "Childs": [],
  "HaveTags": true,
  "Tags": []
},
    {
  "Name": "Ks",
  "Description": "(Neuros only use)",
  "ItemType": "Tag",
  "IsReadOnly": false,
  "Enabled": true,
  "CreatedDate": "2024-10-01T20:20:01.7870233+07:00",
  "ModifiedDate": "2024-10-01T20:20:01.7870233+07:00",
  "ParameterContainer": {
  "DisplayName": null,
  "DisplayParameters": null,
  "Parameters": {
    "DataType": "DWord",
    "Address": "403032"
  }
},
  "Address": "403032",
  "DataTypeName": "DWord",
  "RefreshRate": 100,
  "ByteOrder": 0,
  "AccessPermission": "ReadAndWrite",
  "Offset": 0.0,
  "Gain": 1.0,
  "IsInternalTag": false,
  "GUID": null,
  "Retain": false,
  "Childs": [],
  "HaveTags": true,
  "Tags": []
},
    {
  "Name": "Qo",
  "Description": "(Neuros only use)",
  "ItemType": "Tag",
  "IsReadOnly": false,
  "Enabled": true,
  "CreatedDate": "2024-10-01T20:20:01.7870233+07:00",
  "ModifiedDate": "2024-10-01T20:20:01.7870233+07:00",
  "ParameterContainer": {
  "DisplayName": null,
  "DisplayParameters": null,
  "Parameters": {
    "DataType": "DWord",
    "Address": "403034"
  }
},
  "Address": "403034",
  "DataTypeName": "DWord",
  "RefreshRate": 100,
  "ByteOrder": 0,
  "AccessPermission": "ReadAndWrite",
  "Offset": 0.0,
  "Gain": 1.0,
  "IsInternalTag": false,
  "GUID": null,
  "Retain": false,
  "Childs": [],
  "HaveTags": true,
  "Tags": []
},
    {
  "Name": "Ticr",
  "Description": "(Neuros only use)",
  "ItemType": "Tag",
  "IsReadOnly": false,
  "Enabled": true,
  "CreatedDate": "2024-10-01T20:20:01.7880215+07:00",
  "ModifiedDate": "2024-10-01T20:20:01.7880215+07:00",
  "ParameterContainer": {
  "DisplayName": null,
  "DisplayParameters": null,
  "Parameters": {
    "DataType": "DWord",
    "Address": "403038"
  }
},
  "Address": "403038",
  "DataTypeName": "DWord",
  "RefreshRate": 100,
  "ByteOrder": 0,
  "AccessPermission": "ReadAndWrite",
  "Offset": 0.0,
  "Gain": 1.0,
  "IsInternalTag": false,
  "GUID": null,
  "Retain": false,
  "Childs": [],
  "HaveTags": true,
  "Tags": []
},
    {
  "Name": "F_history_order",
  "Description": "Fault history number.  0~25",
  "ItemType": "Tag",
  "IsReadOnly": false,
  "Enabled": true,
  "CreatedDate": "2024-10-01T20:20:01.7880215+07:00",
  "ModifiedDate": "2024-10-01T20:20:01.7880215+07:00",
  "ParameterContainer": {
  "DisplayName": null,
  "DisplayParameters": null,
  "Parameters": {
    "DataType": "Word",
    "Address": "403040"
  }
},
  "Address": "403040",
  "DataTypeName": "Word",
  "RefreshRate": 100,
  "ByteOrder": 0,
  "AccessPermission": "ReadAndWrite",
  "Offset": 0.0,
  "Gain": 1.0,
  "IsInternalTag": false,
  "GUID": null,
  "Retain": false,
  "Childs": [],
  "HaveTags": true,
  "Tags": []
},
    {
  "Name": "F_history_code",
  "Description": "Fault history code. 0~9999",
  "ItemType": "Tag",
  "IsReadOnly": false,
  "Enabled": true,
  "CreatedDate": "2024-10-01T20:20:01.7880215+07:00",
  "ModifiedDate": "2024-10-01T20:20:01.7880215+07:00",
  "ParameterContainer": {
  "DisplayName": null,
  "DisplayParameters": null,
  "Parameters": {
    "DataType": "Word",
    "Address": "403042"
  }
},
  "Address": "403042",
  "DataTypeName": "Word",
  "RefreshRate": 100,
  "ByteOrder": 0,
  "AccessPermission": "ReadAndWrite",
  "Offset": 0.0,
  "Gain": 1.0,
  "IsInternalTag": false,
  "GUID": null,
  "Retain": false,
  "Childs": [],
  "HaveTags": true,
  "Tags": []
},
    {
  "Name": "F_history_value",
  "Description": "Fault history value. 0~99999.999",
  "ItemType": "Tag",
  "IsReadOnly": false,
  "Enabled": true,
  "CreatedDate": "2024-10-01T20:20:01.7880215+07:00",
  "ModifiedDate": "2024-10-01T20:20:01.7880215+07:00",
  "ParameterContainer": {
  "DisplayName": null,
  "DisplayParameters": null,
  "Parameters": {
    "DataType": "Word",
    "Address": "403043"
  }
},
  "Address": "403043",
  "DataTypeName": "Word",
  "RefreshRate": 100,
  "ByteOrder": 0,
  "AccessPermission": "ReadAndWrite",
  "Offset": 0.0,
  "Gain": 0.001,
  "IsInternalTag": false,
  "GUID": null,
  "Retain": false,
  "Childs": [],
  "HaveTags": true,
  "Tags": []
},
    {
  "Name": "F_history_year",
  "Description": "Fault history time. Unit : Year. 0~99",
  "ItemType": "Tag",
  "IsReadOnly": false,
  "Enabled": true,
  "CreatedDate": "2024-10-01T20:20:01.7880215+07:00",
  "ModifiedDate": "2024-10-01T20:20:01.7880215+07:00",
  "ParameterContainer": {
  "DisplayName": null,
  "DisplayParameters": null,
  "Parameters": {
    "DataType": "Word",
    "Address": "403044"
  }
},
  "Address": "403044",
  "DataTypeName": "Word",
  "RefreshRate": 100,
  "ByteOrder": 0,
  "AccessPermission": "ReadAndWrite",
  "Offset": 0.0,
  "Gain": 1.0,
  "IsInternalTag": false,
  "GUID": null,
  "Retain": false,
  "Childs": [],
  "HaveTags": true,
  "Tags": []
},
    {
  "Name": "F_history_month",
  "Description": "Fault history time. Unit : Month. 0~12",
  "ItemType": "Tag",
  "IsReadOnly": false,
  "Enabled": true,
  "CreatedDate": "2024-10-01T20:20:01.7880215+07:00",
  "ModifiedDate": "2024-10-01T20:20:01.7880215+07:00",
  "ParameterContainer": {
  "DisplayName": null,
  "DisplayParameters": null,
  "Parameters": {
    "DataType": "Word",
    "Address": "403045"
  }
},
  "Address": "403045",
  "DataTypeName": "Word",
  "RefreshRate": 100,
  "ByteOrder": 0,
  "AccessPermission": "ReadAndWrite",
  "Offset": 0.0,
  "Gain": 1.0,
  "IsInternalTag": false,
  "GUID": null,
  "Retain": false,
  "Childs": [],
  "HaveTags": true,
  "Tags": []
},
    {
  "Name": "F_history_day",
  "Description": "Fault history time. Unit: day. 0~31",
  "ItemType": "Tag",
  "IsReadOnly": false,
  "Enabled": true,
  "CreatedDate": "2024-10-01T20:20:01.7880215+07:00",
  "ModifiedDate": "2024-10-01T20:20:01.7880215+07:00",
  "ParameterContainer": {
  "DisplayName": null,
  "DisplayParameters": null,
  "Parameters": {
    "DataType": "Word",
    "Address": "403046"
  }
},
  "Address": "403046",
  "DataTypeName": "Word",
  "RefreshRate": 100,
  "ByteOrder": 0,
  "AccessPermission": "ReadAndWrite",
  "Offset": 0.0,
  "Gain": 1.0,
  "IsInternalTag": false,
  "GUID": null,
  "Retain": false,
  "Childs": [],
  "HaveTags": true,
  "Tags": []
},
    {
  "Name": "F_history_hour",
  "Description": "Fault history time. Unit : Hour. 0~24",
  "ItemType": "Tag",
  "IsReadOnly": false,
  "Enabled": true,
  "CreatedDate": "2024-10-01T20:20:01.7880215+07:00",
  "ModifiedDate": "2024-10-01T20:20:01.7880215+07:00",
  "ParameterContainer": {
  "DisplayName": null,
  "DisplayParameters": null,
  "Parameters": {
    "DataType": "Word",
    "Address": "403047"
  }
},
  "Address": "403047",
  "DataTypeName": "Word",
  "RefreshRate": 100,
  "ByteOrder": 0,
  "AccessPermission": "ReadAndWrite",
  "Offset": 0.0,
  "Gain": 1.0,
  "IsInternalTag": false,
  "GUID": null,
  "Retain": false,
  "Childs": [],
  "HaveTags": true,
  "Tags": []
},
    {
  "Name": "F_history_min",
  "Description": "Fault history time. Unit : Min. 0~60",
  "ItemType": "Tag",
  "IsReadOnly": false,
  "Enabled": true,
  "CreatedDate": "2024-10-01T20:20:01.7880215+07:00",
  "ModifiedDate": "2024-10-01T20:20:01.7880215+07:00",
  "ParameterContainer": {
  "DisplayName": null,
  "DisplayParameters": null,
  "Parameters": {
    "DataType": "Word",
    "Address": "403048"
  }
},
  "Address": "403048",
  "DataTypeName": "Word",
  "RefreshRate": 100,
  "ByteOrder": 0,
  "AccessPermission": "ReadAndWrite",
  "Offset": 0.0,
  "Gain": 1.0,
  "IsInternalTag": false,
  "GUID": null,
  "Retain": false,
  "Childs": [],
  "HaveTags": true,
  "Tags": []
},
    {
  "Name": "N1_max",
  "Description": "Motor speed limit. Unit : rpm. 0~999999",
  "ItemType": "Tag",
  "IsReadOnly": false,
  "Enabled": true,
  "CreatedDate": "2024-10-01T20:20:01.7880215+07:00",
  "ModifiedDate": "2024-10-01T20:20:01.7880215+07:00",
  "ParameterContainer": {
  "DisplayName": null,
  "DisplayParameters": null,
  "Parameters": {
    "DataType": "DWord",
    "Address": "403050"
  }
},
  "Address": "403050",
  "DataTypeName": "DWord",
  "RefreshRate": 100,
  "ByteOrder": 0,
  "AccessPermission": "ReadAndWrite",
  "Offset": 0.0,
  "Gain": 1.0,
  "IsInternalTag": false,
  "GUID": null,
  "Retain": false,
  "Childs": [],
  "HaveTags": true,
  "Tags": []
},
    {
  "Name": "Pi-max",
  "Description": "Inlet filter DP limit. Unit : kgf/㎠ / kPa / PSI. 0~999.999",
  "ItemType": "Tag",
  "IsReadOnly": false,
  "Enabled": true,
  "CreatedDate": "2024-10-01T20:20:01.7880215+07:00",
  "ModifiedDate": "2024-10-01T20:20:01.7880215+07:00",
  "ParameterContainer": {
  "DisplayName": null,
  "DisplayParameters": null,
  "Parameters": {
    "DataType": "Word",
    "Address": "403052"
  }
},
  "Address": "403052",
  "DataTypeName": "Word",
  "RefreshRate": 100,
  "ByteOrder": 0,
  "AccessPermission": "ReadAndWrite",
  "Offset": 0.0,
  "Gain": 0.001,
  "IsInternalTag": false,
  "GUID": null,
  "Retain": false,
  "Childs": [],
  "HaveTags": true,
  "Tags": []
},
    {
  "Name": "Xm_max",
  "Description": "Moto vibration limit. Unit : ㎛ / mil. 0~999.99",
  "ItemType": "Tag",
  "IsReadOnly": false,
  "Enabled": true,
  "CreatedDate": "2024-10-01T20:20:01.7880215+07:00",
  "ModifiedDate": "2024-10-01T20:20:01.7880215+07:00",
  "ParameterContainer": {
  "DisplayName": null,
  "DisplayParameters": null,
  "Parameters": {
    "DataType": "DWord",
    "Address": "403054"
  }
},
  "Address": "403054",
  "DataTypeName": "DWord",
  "RefreshRate": 100,
  "ByteOrder": 0,
  "AccessPermission": "ReadAndWrite",
  "Offset": 0.0,
  "Gain": 0.01,
  "IsInternalTag": false,
  "GUID": null,
  "Retain": false,
  "Childs": [],
  "HaveTags": true,
  "Tags": []
},
    {
  "Name": "Pd_max",
  "Description": "Discharge pressure limit. Unit : kgf/㎠ / kPa / PSI. 0~9999.99",
  "ItemType": "Tag",
  "IsReadOnly": false,
  "Enabled": true,
  "CreatedDate": "2024-10-01T20:20:01.7880215+07:00",
  "ModifiedDate": "2024-10-01T20:20:01.7880215+07:00",
  "ParameterContainer": {
  "DisplayName": null,
  "DisplayParameters": null,
  "Parameters": {
    "DataType": "DWord",
    "Address": "403056"
  }
},
  "Address": "403056",
  "DataTypeName": "DWord",
  "RefreshRate": 100,
  "ByteOrder": 0,
  "AccessPermission": "ReadAndWrite",
  "Offset": 0.0,
  "Gain": 0.01,
  "IsInternalTag": false,
  "GUID": null,
  "Retain": false,
  "Childs": [],
  "HaveTags": true,
  "Tags": []
},
    {
  "Name": "Ts_max",
  "Description": "Suction temperature limit. Unit : ℃ / ℉. 0~9999.99",
  "ItemType": "Tag",
  "IsReadOnly": false,
  "Enabled": true,
  "CreatedDate": "2024-10-01T20:20:01.7880215+07:00",
  "ModifiedDate": "2024-10-01T20:20:01.7880215+07:00",
  "ParameterContainer": {
  "DisplayName": null,
  "DisplayParameters": null,
  "Parameters": {
    "DataType": "DWord",
    "Address": "403058"
  }
},
  "Address": "403058",
  "DataTypeName": "DWord",
  "RefreshRate": 100,
  "ByteOrder": 0,
  "AccessPermission": "ReadAndWrite",
  "Offset": 0.0,
  "Gain": 0.01,
  "IsInternalTag": false,
  "GUID": null,
  "Retain": false,
  "Childs": [],
  "HaveTags": true,
  "Tags": []
},
    {
  "Name": "Td_max",
  "Description": "Discharge temperature limit. 0~9999.99 Unit : ℃ / ℉",
  "ItemType": "Tag",
  "IsReadOnly": false,
  "Enabled": true,
  "CreatedDate": "2024-10-01T20:20:01.7880215+07:00",
  "ModifiedDate": "2024-10-01T20:20:01.7880215+07:00",
  "ParameterContainer": {
  "DisplayName": null,
  "DisplayParameters": null,
  "Parameters": {
    "DataType": "DWord",
    "Address": "403060"
  }
},
  "Address": "403060",
  "DataTypeName": "DWord",
  "RefreshRate": 100,
  "ByteOrder": 0,
  "AccessPermission": "ReadAndWrite",
  "Offset": 0.0,
  "Gain": 0.01,
  "IsInternalTag": false,
  "GUID": null,
  "Retain": false,
  "Childs": [],
  "HaveTags": true,
  "Tags": []
},
    {
  "Name": "Tm_max",
  "Description": "Motor temperature limit REAL 0~9999.99 Unit : ℃ / ℉",
  "ItemType": "Tag",
  "IsReadOnly": false,
  "Enabled": true,
  "CreatedDate": "2024-10-01T20:20:01.7880215+07:00",
  "ModifiedDate": "2024-10-01T20:20:01.7880215+07:00",
  "ParameterContainer": {
  "DisplayName": null,
  "DisplayParameters": null,
  "Parameters": {
    "DataType": "DWord",
    "Address": "403062"
  }
},
  "Address": "403062",
  "DataTypeName": "DWord",
  "RefreshRate": 100,
  "ByteOrder": 0,
  "AccessPermission": "ReadAndWrite",
  "Offset": 0.0,
  "Gain": 0.01,
  "IsInternalTag": false,
  "GUID": null,
  "Retain": false,
  "Childs": [],
  "HaveTags": true,
  "Tags": []
},
    {
  "Name": "Tb_max",
  "Description": "Bearing temperature limit REAL 0~9999.99 Unit : ℃ / ℉",
  "ItemType": "Tag",
  "IsReadOnly": false,
  "Enabled": true,
  "CreatedDate": "2024-10-01T20:20:01.7880215+07:00",
  "ModifiedDate": "2024-10-01T20:20:01.7880215+07:00",
  "ParameterContainer": {
  "DisplayName": null,
  "DisplayParameters": null,
  "Parameters": {
    "DataType": "DWord",
    "Address": "403064"
  }
},
  "Address": "403064",
  "DataTypeName": "DWord",
  "RefreshRate": 100,
  "ByteOrder": 0,
  "AccessPermission": "ReadAndWrite",
  "Offset": 0.0,
  "Gain": 0.01,
  "IsInternalTag": false,
  "GUID": null,
  "Retain": false,
  "Childs": [],
  "HaveTags": true,
  "Tags": []
},
    {
  "Name": "Vm_max",
  "Description": "Motor input power limit REAL 0~9999.9 Unit : kW",
  "ItemType": "Tag",
  "IsReadOnly": false,
  "Enabled": true,
  "CreatedDate": "2024-10-01T20:20:01.7880215+07:00",
  "ModifiedDate": "2024-10-01T20:20:01.7880215+07:00",
  "ParameterContainer": {
  "DisplayName": null,
  "DisplayParameters": null,
  "Parameters": {
    "DataType": "DWord",
    "Address": "403066"
  }
},
  "Address": "403066",
  "DataTypeName": "DWord",
  "RefreshRate": 100,
  "ByteOrder": 0,
  "AccessPermission": "ReadAndWrite",
  "Offset": 0.0,
  "Gain": 0.1,
  "IsInternalTag": false,
  "GUID": null,
  "Retain": false,
  "Childs": [],
  "HaveTags": true,
  "Tags": []
},
    {
  "Name": "Ox",
  "Description": "D.O(Dissolved oxygen) REAL 0~999.9 Unit : rpm / mg/ℓ",
  "ItemType": "Tag",
  "IsReadOnly": false,
  "Enabled": true,
  "CreatedDate": "2024-10-01T20:20:01.7880215+07:00",
  "ModifiedDate": "2024-10-01T20:20:01.7880215+07:00",
  "ParameterContainer": {
  "DisplayName": null,
  "DisplayParameters": null,
  "Parameters": {
    "DataType": "DWord",
    "Address": "403068"
  }
},
  "Address": "403068",
  "DataTypeName": "DWord",
  "RefreshRate": 100,
  "ByteOrder": 0,
  "AccessPermission": "ReadAndWrite",
  "Offset": 0.0,
  "Gain": 0.1,
  "IsInternalTag": false,
  "GUID": null,
  "Retain": false,
  "Childs": [],
  "HaveTags": true,
  "Tags": []
},
    {
  "Name": "Warning_code",
  "Description": "Warning code INT 0~9999",
  "ItemType": "Tag",
  "IsReadOnly": false,
  "Enabled": true,
  "CreatedDate": "2024-10-01T20:20:01.7880215+07:00",
  "ModifiedDate": "2024-10-01T20:20:01.7880215+07:00",
  "ParameterContainer": {
  "DisplayName": null,
  "DisplayParameters": null,
  "Parameters": {
    "DataType": "Word",
    "Address": "403070"
  }
},
  "Address": "403070",
  "DataTypeName": "Word",
  "RefreshRate": 100,
  "ByteOrder": 0,
  "AccessPermission": "ReadAndWrite",
  "Offset": 0.0,
  "Gain": 1.0,
  "IsInternalTag": false,
  "GUID": null,
  "Retain": false,
  "Childs": [],
  "HaveTags": true,
  "Tags": []
},
    {
  "Name": "Fault_code",
  "Description": "Fault coed INT 0~9999",
  "ItemType": "Tag",
  "IsReadOnly": false,
  "Enabled": true,
  "CreatedDate": "2024-10-01T20:20:01.7880215+07:00",
  "ModifiedDate": "2024-10-01T20:20:01.7880215+07:00",
  "ParameterContainer": {
  "DisplayName": null,
  "DisplayParameters": null,
  "Parameters": {
    "DataType": "Word",
    "Address": "403071"
  }
},
  "Address": "403071",
  "DataTypeName": "Word",
  "RefreshRate": 100,
  "ByteOrder": 0,
  "AccessPermission": "ReadAndWrite",
  "Offset": 0.0,
  "Gain": 1.0,
  "IsInternalTag": false,
  "GUID": null,
  "Retain": false,
  "Childs": [],
  "HaveTags": true,
  "Tags": []
},
    {
  "Name": "Heart_bit",
  "Description": "Communication check bit BIT 0~1",
  "ItemType": "Tag",
  "IsReadOnly": false,
  "Enabled": true,
  "CreatedDate": "2024-10-01T20:20:01.7880215+07:00",
  "ModifiedDate": "2024-10-01T20:20:01.7880215+07:00",
  "ParameterContainer": {
  "DisplayName": null,
  "DisplayParameters": null,
  "Parameters": {
    "DataType": "Word",
    "Address": "403072"
  }
},
  "Address": "403072",
  "DataTypeName": "Word",
  "RefreshRate": 100,
  "ByteOrder": 0,
  "AccessPermission": "ReadAndWrite",
  "Offset": 0.0,
  "Gain": 1.0,
  "IsInternalTag": false,
  "GUID": null,
  "Retain": false,
  "Childs": [],
  "HaveTags": true,
  "Tags": []
},
    {
  "Name": "N1_min",
  "Description": "Minimum speed REAL 0~999999.9 Unit : rpm",
  "ItemType": "Tag",
  "IsReadOnly": false,
  "Enabled": true,
  "CreatedDate": "2024-10-01T20:20:01.7880215+07:00",
  "ModifiedDate": "2024-10-01T20:20:01.7880215+07:00",
  "ParameterContainer": {
  "DisplayName": null,
  "DisplayParameters": null,
  "Parameters": {
    "DataType": "DWord",
    "Address": "403074"
  }
},
  "Address": "403074",
  "DataTypeName": "DWord",
  "RefreshRate": 100,
  "ByteOrder": 0,
  "AccessPermission": "ReadAndWrite",
  "Offset": 0.0,
  "Gain": 0.1,
  "IsInternalTag": false,
  "GUID": null,
  "Retain": false,
  "Childs": [],
  "HaveTags": true,
  "Tags": []
},
    {
  "Name": "Input_current",
  "Description": "Input current (Approx.). REAL 0~9999.99 Unit : A",
  "ItemType": "Tag",
  "IsReadOnly": false,
  "Enabled": true,
  "CreatedDate": "2024-10-01T20:20:01.7880215+07:00",
  "ModifiedDate": "2024-10-01T20:20:01.7880215+07:00",
  "ParameterContainer": {
  "DisplayName": null,
  "DisplayParameters": null,
  "Parameters": {
    "DataType": "DWord",
    "Address": "403076"
  }
},
  "Address": "403076",
  "DataTypeName": "DWord",
  "RefreshRate": 100,
  "ByteOrder": 0,
  "AccessPermission": "ReadAndWrite",
  "Offset": 0.0,
  "Gain": 0.01,
  "IsInternalTag": false,
  "GUID": null,
  "Retain": false,
  "Childs": [],
  "HaveTags": true,
  "Tags": []
},
    {
  "Name": "Taget",
  "Description": "Percent of target value REAL 0~100.0 Unit : %",
  "ItemType": "Tag",
  "IsReadOnly": false,
  "Enabled": true,
  "CreatedDate": "2024-10-10T14:16:42.0385132+07:00",
  "ModifiedDate": "2024-10-10T14:16:42.0385132+07:00",
  "ParameterContainer": {
  "DisplayName": null,
  "DisplayParameters": null,
  "Parameters": {
    "DataType": "DWord",
    "Address": "403181"
  }
},
  "Address": "403181",
  "DataTypeName": "DWord",
  "RefreshRate": 100,
  "ByteOrder": 0,
  "AccessPermission": "ReadAndWrite",
  "Offset": 0.0,
  "Gain": 0.1,
  "IsInternalTag": false,
  "GUID": null,
  "Retain": false,
  "Childs": [],
  "HaveTags": true,
  "Tags": []
},
    {
  "Name": "Start_stop",
  "Description": "Start / stop command INT 1234 / 4321 1234 : Start, 4321 : Stop",
  "ItemType": "Tag",
  "IsReadOnly": false,
  "Enabled": true,
  "CreatedDate": "2024-10-19T09:57:53.8532756+07:00",
  "ModifiedDate": "2024-10-19T09:57:53.8532756+07:00",
  "ParameterContainer": {
  "DisplayName": null,
  "DisplayParameters": null,
  "Parameters": {}
},
  "Address": "403183",
  "DataTypeName": "Word",
  "RefreshRate": 100,
  "ByteOrder": 0,
  "AccessPermission": "ReadAndWrite",
  "Offset": 0.0,
  "Gain": 1.0,
  "IsInternalTag": false,
  "GUID": null,
  "Retain": false,
  "Childs": [],
  "HaveTags": true,
  "Tags": []
}
  ]
}
  ]
}
  ]
}
  ]
}